<?xml version="1.0" encoding="utf-8"?>
<EncodingOptions xmlns:xsi="http://www.w3.org/2001/XMLSchema-instance" xmlns:xsd="http://www.w3.org/2001/XMLSchema">
  <EncodingThreadCount>-1</EncodingThreadCount>
  <TranscodingTempPath>/Users/montera5/.local/share/jellyfin/transcodes</TranscodingTempPath>
  <FallbackFontPath />
  <EnableFallbackFont>false</EnableFallbackFont>
  <DownMixAudioBoost>2</DownMixAudioBoost>
  <MaxMuxingQueueSize>2048</MaxMuxingQueueSize>
  <EnableThrottling>true</EnableThrottling>
  <ThrottleDelaySeconds>180</ThrottleDelaySeconds>
  <HardwareAccelerationType>videotoolbox</HardwareAccelerationType>
  <EncoderAppPathDisplay>ffmpeg</EncoderAppPathDisplay>
  <VaapiDevice>/dev/dri/renderD128</VaapiDevice>
  <EnableTonemapping>false</EnableTonemapping>
  <EnableVppTonemapping>false</EnableVppTonemapping>
  <TonemappingAlgorithm>bt2390</TonemappingAlgorithm>
  <TonemappingMode>auto</TonemappingMode>
  <TonemappingRange>auto</TonemappingRange>
  <TonemappingDesat>0</TonemappingDesat>
  <TonemappingPeak>100</TonemappingPeak>
  <TonemappingParam>0</TonemappingParam>
  <VppTonemappingBrightness>16</VppTonemappingBrightness>
  <VppTonemappingContrast>1</VppTonemappingContrast>
  <H264Crf>35</H264Crf>
  <H265Crf>35</H265Crf>
  <EncoderPreset>fast</EncoderPreset>
  <DeinterlaceDoubleRate>false</DeinterlaceDoubleRate>
  <DeinterlaceMethod>yadif</DeinterlaceMethod>
  <EnableDecodingColorDepth10Hevc>true</EnableDecodingColorDepth10Hevc>
  <EnableDecodingColorDepth10Vp9>true</EnableDecodingColorDepth10Vp9>
  <EnableEnhancedNvdecDecoder>true</EnableEnhancedNvdecDecoder>
  <PreferSystemNativeHwDecoder>true</PreferSystemNativeHwDecoder>
  <EnableIntelLowPowerH264HwEncoder>false</EnableIntelLowPowerH264HwEncoder>
  <EnableIntelLowPowerHevcHwEncoder>false</EnableIntelLowPowerHevcHwEncoder>
  <EnableHardwareEncoding>true</EnableHardwareEncoding>
  <AllowHevcEncoding>true</AllowHevcEncoding>
  <EnableSubtitleExtraction>true</EnableSubtitleExtraction>
  <HardwareDecodingCodecs>
    <string>h264</string>
    <string>hevc</string>
    <string>mpeg2video</string>
    <string>mpeg4</string>
    <string>vc1</string>
    <string>vp8</string>
    <string>vp9</string>
  </HardwareDecodingCodecs>
  <AllowOnDemandMetadataBasedKeyframeExtractionForExtensions>
    <string>mkv</string>
  </AllowOnDemandMetadataBasedKeyframeExtractionForExtensions>
</EncodingOptions>