<configuration version="37">
    <folder id="default" label="Default Folder" path="/config/Sync" type="sendreceive" rescanIntervalS="3600" fsWatcherEnabled="true" fsWatcherDelayS="10" ignorePerms="false" autoNormalize="true">
        <filesystemType>basic</filesystemType>
        <device id="TJJ6CHO-CWH4LEZ-7BAFMVF-VXLAHIL-IZ2JTBK-DJXYFJR-ZXDDT4X-7YYMYQX" introducedBy="">
            <encryptionPassword></encryptionPassword>
        </device>
        <minDiskFree unit="%">1</minDiskFree>
        <versioning>
            <cleanupIntervalS>3600</cleanupIntervalS>
            <fsPath></fsPath>
            <fsType>basic</fsType>
        </versioning>
        <copiers>0</copiers>
        <pullerMaxPendingKiB>0</pullerMaxPendingKiB>
        <hashers>0</hashers>
        <order>random</order>
        <ignoreDelete>false</ignoreDelete>
        <scanProgressIntervalS>0</scanProgressIntervalS>
        <pullerPauseS>0</pullerPauseS>
        <maxConflicts>10</maxConflicts>
        <disableSparseFiles>false</disableSparseFiles>
        <disableTempIndexes>false</disableTempIndexes>
        <paused>false</paused>
        <weakHashThresholdPct>25</weakHashThresholdPct>
        <markerName>.stfolder</markerName>
        <copyOwnershipFromParent>false</copyOwnershipFromParent>
        <modTimeWindowS>0</modTimeWindowS>
        <maxConcurrentWrites>2</maxConcurrentWrites>
        <disableFsync>false</disableFsync>
        <blockPullOrder>standard</blockPullOrder>
        <copyRangeMethod>standard</copyRangeMethod>
        <caseSensitiveFS>false</caseSensitiveFS>
        <junctionsAsDirs>false</junctionsAsDirs>
        <syncOwnership>false</syncOwnership>
        <sendOwnership>false</sendOwnership>
        <syncXattrs>false</syncXattrs>
        <sendXattrs>false</sendXattrs>
        <xattrFilter>
            <maxSingleEntrySize>1024</maxSingleEntrySize>
            <maxTotalSize>4096</maxTotalSize>
        </xattrFilter>
    </folder>
    <folder id="vhyto-6hrkd" label="Documents" path="/data" type="sendreceive" rescanIntervalS="3600" fsWatcherEnabled="true" fsWatcherDelayS="10" ignorePerms="false" autoNormalize="true">
        <filesystemType>basic</filesystemType>
        <device id="ISFHDFH-L3BIFN2-4MOHY47-FBFQPZE-FVNDJKM-BAZW222-QTJVFRE-G7OSVQV" introducedBy="">
            <encryptionPassword></encryptionPassword>
        </device>
        <device id="TJJ6CHO-CWH4LEZ-7BAFMVF-VXLAHIL-IZ2JTBK-DJXYFJR-ZXDDT4X-7YYMYQX" introducedBy="">
            <encryptionPassword></encryptionPassword>
        </device>
        <minDiskFree unit="%">1</minDiskFree>
        <versioning>
            <cleanupIntervalS>3600</cleanupIntervalS>
            <fsPath></fsPath>
            <fsType>basic</fsType>
        </versioning>
        <copiers>0</copiers>
        <pullerMaxPendingKiB>0</pullerMaxPendingKiB>
        <hashers>0</hashers>
        <order>random</order>
        <ignoreDelete>false</ignoreDelete>
        <scanProgressIntervalS>0</scanProgressIntervalS>
        <pullerPauseS>0</pullerPauseS>
        <maxConflicts>10</maxConflicts>
        <disableSparseFiles>false</disableSparseFiles>
        <disableTempIndexes>false</disableTempIndexes>
        <paused>false</paused>
        <weakHashThresholdPct>25</weakHashThresholdPct>
        <markerName>.stfolder</markerName>
        <copyOwnershipFromParent>false</copyOwnershipFromParent>
        <modTimeWindowS>0</modTimeWindowS>
        <maxConcurrentWrites>2</maxConcurrentWrites>
        <disableFsync>false</disableFsync>
        <blockPullOrder>standard</blockPullOrder>
        <copyRangeMethod>standard</copyRangeMethod>
        <caseSensitiveFS>false</caseSensitiveFS>
        <junctionsAsDirs>false</junctionsAsDirs>
        <syncOwnership>false</syncOwnership>
        <sendOwnership>false</sendOwnership>
        <syncXattrs>false</syncXattrs>
        <sendXattrs>false</sendXattrs>
        <xattrFilter>
            <maxSingleEntrySize>1024</maxSingleEntrySize>
            <maxTotalSize>4096</maxTotalSize>
        </xattrFilter>
    </folder>
    <device id="ISFHDFH-L3BIFN2-4MOHY47-FBFQPZE-FVNDJKM-BAZW222-QTJVFRE-G7OSVQV" name="Mac-Alej" compression="metadata" introducer="false" skipIntroductionRemovals="false" introducedBy="">
        <address>dynamic</address>
        <paused>false</paused>
        <autoAcceptFolders>false</autoAcceptFolders>
        <maxSendKbps>0</maxSendKbps>
        <maxRecvKbps>0</maxRecvKbps>
        <maxRequestKiB>0</maxRequestKiB>
        <untrusted>false</untrusted>
        <remoteGUIPort>0</remoteGUIPort>
        <numConnections>0</numConnections>
    </device>
    <device id="TJJ6CHO-CWH4LEZ-7BAFMVF-VXLAHIL-IZ2JTBK-DJXYFJR-ZXDDT4X-7YYMYQX" name="syncthing" compression="metadata" introducer="false" skipIntroductionRemovals="false" introducedBy="">
        <address>dynamic</address>
        <paused>false</paused>
        <autoAcceptFolders>false</autoAcceptFolders>
        <maxSendKbps>0</maxSendKbps>
        <maxRecvKbps>0</maxRecvKbps>
        <maxRequestKiB>0</maxRequestKiB>
        <untrusted>false</untrusted>
        <remoteGUIPort>0</remoteGUIPort>
        <numConnections>0</numConnections>
    </device>
    <gui enabled="true" tls="false" debugging="false" sendBasicAuthPrompt="false">
        <address>127.0.0.1:8384</address>
        <user>alejandro</user>
        <password>$2a$10$T6V1Bk.oWxKbRxRpO.ADmOTmc638JfxkKdDwMkg43yF12MzwX1dN.</password>
        <apikey>PiiR3cctWGEpU7zbymqeeqLp6RTxkv2U</apikey>
        <theme>default</theme>
    </gui>
    <ldap></ldap>
    <options>
        <listenAddress>default</listenAddress>
        <globalAnnounceServer>default</globalAnnounceServer>
        <globalAnnounceEnabled>true</globalAnnounceEnabled>
        <localAnnounceEnabled>true</localAnnounceEnabled>
        <localAnnouncePort>21027</localAnnouncePort>
        <localAnnounceMCAddr>[ff12::8384]:21027</localAnnounceMCAddr>
        <maxSendKbps>0</maxSendKbps>
        <maxRecvKbps>0</maxRecvKbps>
        <reconnectionIntervalS>60</reconnectionIntervalS>
        <relaysEnabled>true</relaysEnabled>
        <relayReconnectIntervalM>10</relayReconnectIntervalM>
        <startBrowser>true</startBrowser>
        <natEnabled>true</natEnabled>
        <natLeaseMinutes>60</natLeaseMinutes>
        <natRenewalMinutes>30</natRenewalMinutes>
        <natTimeoutSeconds>10</natTimeoutSeconds>
        <urAccepted>-1</urAccepted>
        <urSeen>3</urSeen>
        <urUniqueID></urUniqueID>
        <urURL>https://data.syncthing.net/newdata</urURL>
        <urPostInsecurely>false</urPostInsecurely>
        <urInitialDelayS>1800</urInitialDelayS>
        <autoUpgradeIntervalH>12</autoUpgradeIntervalH>
        <upgradeToPreReleases>false</upgradeToPreReleases>
        <keepTemporariesH>24</keepTemporariesH>
        <cacheIgnoredFiles>false</cacheIgnoredFiles>
        <progressUpdateIntervalS>5</progressUpdateIntervalS>
        <limitBandwidthInLan>false</limitBandwidthInLan>
        <minHomeDiskFree unit="%">1</minHomeDiskFree>
        <releasesURL>https://upgrades.syncthing.net/meta.json</releasesURL>
        <overwriteRemoteDeviceNamesOnConnect>false</overwriteRemoteDeviceNamesOnConnect>
        <tempIndexMinBlocks>10</tempIndexMinBlocks>
        <trafficClass>0</trafficClass>
        <setLowPriority>true</setLowPriority>
        <maxFolderConcurrency>0</maxFolderConcurrency>
        <crashReportingURL>https://crash.syncthing.net/newcrash</crashReportingURL>
        <crashReportingEnabled>true</crashReportingEnabled>
        <stunKeepaliveStartS>180</stunKeepaliveStartS>
        <stunKeepaliveMinS>20</stunKeepaliveMinS>
        <stunServer>default</stunServer>
        <databaseTuning>auto</databaseTuning>
        <maxConcurrentIncomingRequestKiB>0</maxConcurrentIncomingRequestKiB>
        <announceLANAddresses>true</announceLANAddresses>
        <sendFullIndexOnUpgrade>false</sendFullIndexOnUpgrade>
        <connectionLimitEnough>0</connectionLimitEnough>
        <connectionLimitMax>0</connectionLimitMax>
        <insecureAllowOldTLSVersions>false</insecureAllowOldTLSVersions>
        <connectionPriorityTcpLan>10</connectionPriorityTcpLan>
        <connectionPriorityQuicLan>20</connectionPriorityQuicLan>
        <connectionPriorityTcpWan>30</connectionPriorityTcpWan>
        <connectionPriorityQuicWan>40</connectionPriorityQuicWan>
        <connectionPriorityRelay>50</connectionPriorityRelay>
        <connectionPriorityUpgradeThreshold>0</connectionPriorityUpgradeThreshold>
    </options>
    <defaults>
        <folder id="" label="" path="~" type="sendreceive" rescanIntervalS="3600" fsWatcherEnabled="true" fsWatcherDelayS="10" ignorePerms="false" autoNormalize="true">
            <filesystemType>basic</filesystemType>
            <device id="TJJ6CHO-CWH4LEZ-7BAFMVF-VXLAHIL-IZ2JTBK-DJXYFJR-ZXDDT4X-7YYMYQX" introducedBy="">
                <encryptionPassword></encryptionPassword>
            </device>
            <minDiskFree unit="%">1</minDiskFree>
            <versioning>
                <cleanupIntervalS>3600</cleanupIntervalS>
                <fsPath></fsPath>
                <fsType>basic</fsType>
            </versioning>
            <copiers>0</copiers>
            <pullerMaxPendingKiB>0</pullerMaxPendingKiB>
            <hashers>0</hashers>
            <order>random</order>
            <ignoreDelete>false</ignoreDelete>
            <scanProgressIntervalS>0</scanProgressIntervalS>
            <pullerPauseS>0</pullerPauseS>
            <maxConflicts>10</maxConflicts>
            <disableSparseFiles>false</disableSparseFiles>
            <disableTempIndexes>false</disableTempIndexes>
            <paused>false</paused>
            <weakHashThresholdPct>25</weakHashThresholdPct>
            <markerName>.stfolder</markerName>
            <copyOwnershipFromParent>false</copyOwnershipFromParent>
            <modTimeWindowS>0</modTimeWindowS>
            <maxConcurrentWrites>2</maxConcurrentWrites>
            <disableFsync>false</disableFsync>
            <blockPullOrder>standard</blockPullOrder>
            <copyRangeMethod>standard</copyRangeMethod>
            <caseSensitiveFS>false</caseSensitiveFS>
            <junctionsAsDirs>false</junctionsAsDirs>
            <syncOwnership>false</syncOwnership>
            <sendOwnership>false</sendOwnership>
            <syncXattrs>false</syncXattrs>
            <sendXattrs>false</sendXattrs>
            <xattrFilter>
                <maxSingleEntrySize>1024</maxSingleEntrySize>
                <maxTotalSize>4096</maxTotalSize>
            </xattrFilter>
        </folder>
        <device id="" compression="metadata" introducer="false" skipIntroductionRemovals="false" introducedBy="">
            <address>dynamic</address>
            <paused>false</paused>
            <autoAcceptFolders>false</autoAcceptFolders>
            <maxSendKbps>0</maxSendKbps>
            <maxRecvKbps>0</maxRecvKbps>
            <maxRequestKiB>0</maxRequestKiB>
            <untrusted>false</untrusted>
            <remoteGUIPort>0</remoteGUIPort>
            <numConnections>0</numConnections>
        </device>
        <ignores></ignores>
    </defaults>
</configuration>
