﻿<?xml version="1.0" encoding="utf-8"?>
<key id="c056ae6f-8706-463e-888c-bda1ac141b66" version="1">
  <creationDate>2024-01-12T22:25:18.5011049Z</creationDate>
  <activationDate>2024-01-12T22:25:18.4983308Z</activationDate>
  <expirationDate>2024-04-11T22:25:18.4983308Z</expirationDate>
  <descriptor deserializerType="Microsoft.AspNetCore.DataProtection.AuthenticatedEncryption.ConfigurationModel.AuthenticatedEncryptorDescriptorDeserializer, Microsoft.AspNetCore.DataProtection, Version=6.0.0.0, Culture=neutral, PublicKeyToken=adb9793829ddae60">
    <descriptor>
      <encryption algorithm="AES_256_CBC" />
      <validation algorithm="HMACSHA256" />
      <masterKey p4:requiresEncryption="true" xmlns:p4="http://schemas.asp.net/2015/03/dataProtection">
        <!-- Warning: the key below is in an unencrypted form. -->
        <value>KC8EfuVV/WWgeZpDiuqgkOuL98Ob5e/u+RFDEnjwnu81WGh0b49Fl1m3dMOBX12Bs8e6GmBgd2Mfu+PWLQGKJQ==</value>
      </masterKey>
    </descriptor>
  </descriptor>
</key>